url,title,error,source_type,frecuency,collections,child_datasets,download_ok,parsed_ok,validate_ok,schema_version,total_dataset,total_resources,dataset_types,resource_types
https://enterprisecontent-usfs.opendata.arcgis.com/data.json,U.S. Forest Service Geospatial Data Discovery,"Validation error (truncated): Error validating JsonSchema: 'bureauCode' is a required property

Fail ...",datajson,,0,0,True,True,False,1.1,320,1470,{'dcat:Dataset': 320},{'dcat:Distribution': 1470}
http://opendata.cityofboise.org/data.json,City of Boise Data.json,"Validation error (truncated): Error validating JsonSchema: 'bureauCode' is a required property

Fail ...",datajson,,0,0,True,True,False,1.1,76,360,{'dcat:Dataset': 76},{'dcat:Distribution': 360}
http://www.fhfa.gov/data.json,FHFA JSON,Validation error (truncated): D ...,datajson,,0,0,True,True,False,,0,0,{},{}
https://data.illinois.gov/data.json?version=2,illinois json,Download error (truncated): https://data.illinois.gov/data.json?version=2 HTTP error: 404 ...,datajson,,0,0,False,,,,,,,
https://raw.githubusercontent.com/gbinal/data/master/datasets/doi_cas.json,DOI CAS datajam,Validation error (truncated): D ...,datajson,,0,0,True,True,False,,0,0,{},{}
https://raw.githubusercontent.com/gbinal/data/master/datasets/hhs_cas.json,HHS CAS JSON,Validation error (truncated): D ...,datajson,,0,0,True,True,False,,0,0,{},{}
http://www.transportation.gov/data-nonspatial-harvest.json,DOT JSON,Download error (truncated): http://www.transportation.gov/data-nonspatial-harvest.json HTTP error: ...,datajson,,0,0,False,,,,,,,
http://www.cpsc.gov/data.json,CSPC json file,Download error (truncated): http://www.cpsc.gov/data.json HTTP error: 404 ...,datajson,,0,0,False,,,,,,,
http://www.usitc.gov/data.json,USITC Data.json Source,Parsing error (truncated): ERROR parsing JSON data: 'utf-8' codec can't decode byte 0xa0 in posit ...,datajson,,0,0,True,False,,,,,,
http://geodata.vermont.gov/data.json,Vermont Open Geodata Portal,"Validation error (truncated): Error validating JsonSchema: 'bureauCode' is a required property

Fail ...",datajson,,0,0,True,True,False,1.1,1047,5591,{'dcat:Dataset': 1047},{'dcat:Distribution': 5591}
http://data.ferndalemi.gov/data.json,"City of Ferndale, Michigan Data.json Harvest Source","Validation error (truncated): Error validating JsonSchema: 'bureauCode' is a required property

Fail ...",datajson,,0,0,True,True,False,1.1,793,3730,{'dcat:Dataset': 793},{'dcat:Distribution': 3730}
https://hifld-dhs-gii.opendata.arcgis.com/data.json,Homeland Infrastructure Foundation Level Data (HIFLD),Validation error (truncated): M ...,datajson,,0,0,True,True,False,,0,0,{},{}
https://edg.epa.gov/data/Public/OCFO/metadata/DataAct.json,Data Act Harvest,,datajson,,0,0,True,True,True,1.1,66,198,{'dcat:Dataset': 66},{'dcat:Distribution': 198}
https://edg.epa.gov/data/PUBLIC/OLEM/OSWER-EF.JSON,OLEM Envirofacts Records,,datajson,,3,5,True,True,True,1.1,5,10,{'dcat:Dataset': 5},{'dcat:Distribution': 10}
https://data.jacksonms.gov/data.json,"City of Jackson, Mississippi Data.json Harvest Source",Download error (truncated): https://data.jacksonms.gov/data.json HTTP error: 404 ...,datajson,,0,0,False,,,,,,,
http://www.lsc.gov/data.json,Legal Services Corporation Data.json Harvest Source,Parsing error (truncated): ERROR parsing JSON data: Expecting property name enclosed in double qu ...,datajson,,0,0,True,False,,,,,,
https://raw.githubusercontent.com/gbinal/data/master/datasets/doj_cas.json,DOJ CAS datajam,Validation error (truncated): D ...,datajson,,0,0,True,True,False,,0,0,{},{}
https://www.fec.gov/data.json,FEC Open Data,,datajson,,0,0,True,True,True,1.1,1,1,{'dcat:Dataset': 1},{'unknown': 1}
https://data.wprdc.org/data.json,WPRDC data.json,"Validation error (truncated): Error validating JsonSchema: 'bureauCode' is a required property

Fail ...",datajson,,0,0,True,True,False,1.1,325,1925,{'dcat:Dataset': 325},{'dcat:Distribution': 1925}
http://rpm.tigbox.com/ckan_source/json/test.json,REI Test JSON,Download error (truncated): http://rpm.tigbox.com/ckan_source/json/test.json HTTP error: 404 ...,datajson,,0,0,False,,,,,,,
http://www.opm.gov/data.json,OPM JSON,,datajson,,35,506,True,True,True,1.1,682,767,{'dcat:Dataset': 682},{'dcat:Distribution': 767}
http://mapcontext.com/npswaf/sample2.json,Sample of two data.json entries,Download error (truncated): http://mapcontext.com/npswaf/sample2.json HTTP error: 404 ...,datajson,,0,0,False,,,,,,,
http://open.whitehouse.gov/data.json,open-white-house,Parsing error (truncated): ERROR parsing JSON data: Expecting value: line 1 column 1 (char 0) ...,datajson,,0,0,True,False,,,,,,
http://www.consumerfinance.gov/data.json,CFPB JSON,,datajson,,0,0,True,True,True,1.1,2,10,{'dcat:Dataset': 2},{'dcat:Distribution': 10}
https://www.mspb.gov/data.json,MSPB Data.json Harvest Source,Download error (truncated): https://www.mspb.gov/data.json HTTP error: 404 ...,datajson,,0,0,False,,,,,,,
http://clt.charlotte.opendata.arcgis.com/data.json,Charlotte City Data.json,Parsing error (truncated): ERROR parsing JSON data: Expecting value: line 1 column 1 (char 0) ...,datajson,,0,0,True,False,,,,,,
https://edg.epa.gov/data-nonspatial-harvest.json,Environmental Dataset Gateway Non-Spatial Records,Download error (truncated): https://edg.epa.gov/data-nonspatial-harvest.json HTTP error: 404 ...,datajson,,0,0,False,,,,,,,
https://www.onhir.gov/data.json,ONHIR Data.json Harvest Source,,datajson,,0,0,True,True,True,1.1,4,4,{'dcat:Dataset': 4},{'dcat:Distribution': 4}
https://edg.epa.gov/data/PUBLIC/OEI/METADATA/TRI.json,Toxics Release Inventory Metadata,,datajson,,0,0,True,True,True,1.1,1,4,{'dcat:Dataset': 1},{'dcat:Distribution': 4}
https://edg.epa.gov/data/PUBLIC/OCSPP/OPPT/metadata/OCSPP-OPPT.json,OCSPP-OPPT Non-Geo Records,,datajson,,0,0,True,True,True,1.1,14,14,{'dcat:Dataset': 14},{'dcat:Distribution': 14}
https://edg.epa.gov/data/Public/R3/metadata/Region3.json,Region 3 Non-Geo Records,,datajson,,0,0,True,True,True,1.1,2,0,{'dcat:Dataset': 2},{}
https://edg.epa.gov/data/PUBLIC/R9/metadata/R9.json,Region 9 Non-Geo Records,,datajson,,0,0,True,True,True,1.1,1,0,{'dcat:Dataset': 1},{}
https://edg.epa.gov/data/Public/ORD/metadata/ORD_Patents.json,ORD_Patents,,datajson,,0,0,True,True,True,1.1,8,8,{'dcat:Dataset': 8},{'dcat:Distribution': 8}
https://edg.epa.gov/data/Public/ORD/NCEA/metadata/ORD_NCEA.json,ORD-NCEA Non-Geo Records,,datajson,,0,0,True,True,True,1.1,3,0,{'dcat:Dataset': 3},{}
https://edg.epa.gov/data/Public/R4/metadata/Region4.json,Region 4 Non-Geo Records,,datajson,,0,0,True,True,True,1.1,10,2,{'dcat:Dataset': 10},{'dcat:Distribution': 2}
https://edg.epa.gov/data/PUBLIC/OGC/metadata/OGC.json,OGC Non-Geo Records,,datajson,,0,0,True,True,True,1.1,3,0,{'dcat:Dataset': 3},{}
https://edg.epa.gov/data/PUBLIC/OCSPP/OPPT/Metadata/RSEI.json,OCSPP-OPPT RSEI Records,,datajson,,0,0,True,True,True,1.1,1,1,{'dcat:Dataset': 1},{'dcat:Distribution': 1}
https://edg.epa.gov/data/PUBLIC/OAR/ORIA/metadata/OAR-ORIA.json,OAR-ORIA Non-Geo Records,,datajson,,0,0,True,True,True,1.1,17,13,"{'dcat:Dataset': 16, 'unknown': 1}",{'dcat:Distribution': 13}
https://edg.epa.gov/data/PUBLIC/OAR/OTAQ/metadata/OAR-OTAQ.json,OAR-OTAQ Non-Geo Records,,datajson,,0,0,True,True,True,1.1,10,8,{'dcat:Dataset': 10},{'dcat:Distribution': 8}
https://edg.epa.gov/data/Public/ORD/NHEERL/metadata/ORDNHEERLAED.json,ORD-NHEERL-AED Non Geo Records,,datajson,,0,0,True,True,True,1.1,1,1,{'dcat:Dataset': 1},{'dcat:Distribution': 1}
https://edg.epa.gov/data/Public/R7/metadata/R7.json,Region 7 Non-Geo Records,,datajson,,0,0,True,True,True,1.1,8,0,{'dcat:Dataset': 8},{}
https://data.austintexas.gov/data.json,City of Austin Data.json,"Validation error (truncated): Error validating JsonSchema: 'bureauCode' is a required property

Fail ...",datajson,,0,0,True,True,False,1.1,1522,3514,{'dcat:Dataset': 1522},{'dcat:Distribution': 3514}
https://data.doi.gov/data.json,doi.data.json,"Validation error (truncated): Error validating JsonSchema: 'hasEmail' is a required property

Failed ...",datajson,,0,0,True,True,False,1.1,47002,91651,{'dcat:Dataset': 47002},{'dcat:Distribution': 91651}
https://data.noaa.gov/data-nonspatial-harvest.json,NOAA Patents Json,Download error (truncated): https://data.noaa.gov/data-nonspatial-harvest.json HTTP error: 404 ...,datajson,,0,0,False,,,,,,,
https://gishubdata.nd.gov/data.json,North Dakota GIS Hub Data Portal Data.json,"Validation error (truncated): Error validating JsonSchema: 'bureauCode' is a required property

Fail ...",datajson,,0,0,True,True,False,1.1,336,1344,{'dcat:Dataset': 336},{'dcat:Distribution': 1344}
https://data.ca.gov/data.json,State of California,"Validation error (truncated): Error validating JsonSchema: 'bureauCode' is a required property

Fail ...",datajson,,0,0,True,True,False,1.1,1900,11363,{'dcat:Dataset': 1900},{'dcat:Distribution': 11363}
https://edg.epa.gov/data/PUBLIC/OEI/METADATA/EDI_metadata.json,U.S. EPA Enterprise Data Inventory,,datajson,,0,0,True,True,True,1.1,1,1,{'dcat:Dataset': 1},{'dcat:Distribution': 1}
https://data.townofcary.org/data.json,"Town of Cary, NC Data.json Harvest Source","Validation error (truncated): Error validating JsonSchema: 'bureauCode' is a required property

Fail ...",datajson,,0,0,True,True,False,1.1,36,160,{'dcat:Dataset': 36},{'dcat:Distribution': 160}
https://data.iowa.gov/data.json,IOWA Json file,"Validation error (truncated): Error validating JsonSchema: 'bureauCode' is a required property

Fail ...",datajson,,0,0,True,True,False,1.1,22,126,{'dcat:Dataset': 22},{'dcat:Distribution': 126}
http://data.wake.opendata.arcgis.com/data.json,Wake County Open Data Json Harvest Source,"Validation error (truncated): Error validating JsonSchema: 'bureauCode' is a required property

Fail ...",datajson,,0,0,True,True,False,1.1,316,1772,{'dcat:Dataset': 316},{'dcat:Distribution': 1772}
https://www.chapelhillopendata.org/data.json,Chapel Hill Open Data,"Validation error (truncated): Error validating JsonSchema: 'bureauCode' is a required property

Fail ...",datajson,,0,0,True,True,False,1.1,62,260,{'dcat:Dataset': 62},{'dcat:Distribution': 260}
https://data.ny.gov/data.json?version=2,NY State JSON,"Validation error (truncated): Error validating JsonSchema: 'bureauCode' is a required property

Fail ...",datajson,,0,0,True,True,False,1.1,677,2603,{'dcat:Dataset': 677},{'dcat:Distribution': 2603}
https://data.wa.gov/data.json?version=2,WA JSON,"Validation error (truncated): Error validating JsonSchema: 'bureauCode' is a required property

Fail ...",datajson,,0,0,True,True,False,1.1,1562,4562,{'dcat:Dataset': 1562},{'dcat:Distribution': 4562}
https://data.ct.gov/data.json,Connecticut Data.json,"Validation error (truncated): Error validating JsonSchema: 'bureauCode' is a required property

Fail ...",datajson,,0,0,True,True,False,1.1,631,2498,{'dcat:Dataset': 631},{'dcat:Distribution': 2498}
https://opendata.maryland.gov/data.json,md json,"Validation error (truncated): Error validating JsonSchema: 'bureauCode' is a required property

Fail ...",datajson,,0,0,True,True,False,1.1,1052,2354,{'dcat:Dataset': 1052},{'dcat:Distribution': 2354}
https://data.oregon.gov/data.json?version=2,oregon json,"Validation error (truncated): Error validating JsonSchema: 'bureauCode' is a required property

Fail ...",datajson,,0,0,True,True,False,1.1,665,2661,{'dcat:Dataset': 665},{'dcat:Distribution': 2661}
https://data.hawaii.gov/data.json?version=2,hawaii json,"Validation error (truncated): Error validating JsonSchema: 'bureauCode' is a required property

Fail ...",datajson,,0,0,True,True,False,1.1,787,3083,{'dcat:Dataset': 787},{'dcat:Distribution': 3083}
https://data.ok.gov/data.json?version=2,OK JSON,"Validation error (truncated): Error validating JsonSchema: 'bureauCode' is a required property

Fail ...",datajson,,0,0,True,True,False,1.1,319,843,{'dcat:Dataset': 319},{'dcat:Distribution': 843}
https://geospatial-usace.opendata.arcgis.com/data.json,geospatial-usace,,datajson,,0,0,True,True,True,1.1,133,514,{'dcat:Dataset': 133},{'dcat:Distribution': 514}
https://edg.epa.gov/data/PUBLIC/OEI/metadata/OEI-OIAA.json,OEI-OIAA Non-Geo Records,,datajson,,0,0,True,True,True,1.1,2,3,{'dcat:Dataset': 2},{'dcat:Distribution': 3}
https://edg.epa.gov/data/PUBLIC/OEI/metadata/OEI-OIC.json,OEI-OIC Non-Geo Records,,datajson,,0,0,True,True,True,1.1,25,65,{'dcat:Dataset': 25},{'dcat:Distribution': 65}
https://edg.epa.gov/data/Public/ORD/NHEERL/metadata/PubCentral.json,EPA Pub Central,,datajson,,0,0,True,True,True,1.1,1,2,{'dcat:Dataset': 1},{'dcat:Distribution': 2}
https://edg.epa.gov/data/PUBLIC/OEI/metadata/OEI.json,OEI Non-Geo Records,,datajson,,0,0,True,True,True,1.1,8,7,{'dcat:Dataset': 8},{'dcat:Distribution': 7}
https://edg.epa.gov/data/Public/R5/R5.json,Region 5 Non-Geo Records,,datajson,,0,0,True,True,True,1.1,2,0,{'dcat:Dataset': 2},{}
https://edg.epa.gov/data/Public/OW/metadata/OW.json,OW Non-Geo Records,,datajson,,0,0,True,True,True,1.1,58,0,{'dcat:Dataset': 58},{}
https://edg.epa.gov/data/Public/R6/metadata/Region6.json,Region 6 Non-Geo Records,,datajson,,0,0,True,True,True,1.1,6,0,{'dcat:Dataset': 6},{}
http://data.energystar.gov/data.json,EnergyStar,"Validation error (truncated): Error validating JsonSchema: 'keyword' is a required property

Failed  ...",datajson,,0,0,True,True,False,1.1,63,248,{'dcat:Dataset': 63},{'dcat:Distribution': 248}
https://edg.epa.gov/data/PUBLIC/OEI/METADATA/FRS-NonGeo.json,FRS Non-Geo Records,,datajson,,36,119,True,True,True,1.1,120,239,{'dcat:Dataset': 120},{'dcat:Distribution': 239}
https://edg.epa.gov/data/PUBLIC/OAR/OAP/metadata/OAR-OAP.json,OAR-OAP Non-Geo Records,,datajson,,0,0,True,True,True,1.1,34,24,{'dcat:Dataset': 34},{'dcat:Distribution': 24}
http://data.exim.gov/data.json,Exim Data.json,,datajson,,0,0,True,True,True,1.1,1,4,{'dcat:Dataset': 1},{'dcat:Distribution': 4}
https://edg.epa.gov/data/PUBLIC/OARM/metadata/OARM.json,OARM Non-Geo Records,,datajson,,0,0,True,True,True,1.1,1,1,{'dcat:Dataset': 1},{'dcat:Distribution': 1}
https://edg.epa.gov/data/Public/OCSPP/OPPT/metadata/OCSPP-RAD.json,OCSPP-OPPT ECO_EFCTS,,datajson,,0,0,True,True,True,1.1,1,1,{'dcat:Dataset': 1},{'dcat:Distribution': 1}
https://edg.epa.gov/data/PUBLIC/OECA/metadata/OECA.json,OECA Non-Geo Records,,datajson,,0,0,True,True,True,1.1,8,7,{'dcat:Dataset': 8},{'dcat:Distribution': 7}
https://edg.epa.gov/data/Public/OECA/Metadata/OECA-ECHO.json,OECA ECHO Records,,datajson,,0,0,True,True,True,1.1,20,23,{'dcat:Dataset': 20},{'dcat:Distribution': 23}
https://edg.epa.gov/data/PUBLIC/OAR/OAQPS/metadata/OAR-OAQPS.json,OAR-OAQPS Non-Geo Records,,datajson,,0,0,True,True,True,1.1,41,35,"{'unknown': 1, 'dcat:Dataset': 40}",{'dcat:Distribution': 35}
https://edg.epa.gov/data/PUBLIC/OCSPP/OPP/metadata/OCSPP-OPP.json,OCSPP-OPP Non-Geo Records,,datajson,,0,0,True,True,True,1.1,6,5,{'dcat:Dataset': 6},{'dcat:Distribution': 5}
https://edg.epa.gov/data/PUBLIC/OCFO/metadata/OCFO.json,OCFO Non-Geo Records,,datajson,,0,0,True,True,True,1.1,8,1,{'dcat:Dataset': 8},{'dcat:Distribution': 1}
https://edg.epa.gov/data/PUBLIC/ORD/metadata/ORD.json,ORD Non-Geo Records,,datajson,,0,0,True,True,True,1.1,18,2,{'dcat:Dataset': 18},{'dcat:Distribution': 2}
https://edg.epa.gov/data/PUBLIC/ORD/NERL/metadata/ORD_NERL_ESD.json,ORD-NERL-ESD Non-Geo Records,,datajson,,0,0,True,True,True,1.1,2,0,{'dcat:Dataset': 2},{}
https://edg.epa.gov/data/PUBLIC/R1/metadata/Region1.json,Region 1 Non-Geo Records,,datajson,,0,0,True,True,True,1.1,1,0,{'dcat:Dataset': 1},{}
http://www.defense.gov/data.json,DOD JSON,Parsing error (truncated): ERROR parsing JSON data: 'utf-8' codec can't decode byte 0x92 in posit ...,datajson,,0,0,True,False,,,,,,
https://data.nola.gov/data.json ,New Orleans Data.json,Download error (truncated): https://data.nola.gov/data.json  HTTP error: 404 ...,datajson,,0,0,False,,,,,,,
http://data.fairfaxcountygis.opendata.arcgis.com/data.json,"Fairfax County, Virginia Data.json","Validation error (truncated): Error validating JsonSchema: 'bureauCode' is a required property

Fail ...",datajson,,0,0,True,True,False,1.1,181,1064,{'dcat:Dataset': 181},{'dcat:Distribution': 1064}
https://data.arlingtonva.us/data.json/,Arlington County Data.json Harvest Source,"Validation error (truncated): Error validating JsonSchema: 'bureauCode' is a required property

Fail ...",datajson,,0,0,True,True,False,1.1,194,582,{'dcat:Dataset': 194},{'dcat:Distribution': 582}
http://data.brla.gov/data.json,City of Baton Rouge Data.json,Download error (truncated): ERROR Donwloading data: http://data.brla.gov/data.json [HTTPConnection ...,datajson,,0,0,False,,,,,,,
https://data.hartford.gov/data.json,Hartford Data.json,"Validation error (truncated): Error validating JsonSchema: 'bureauCode' is a required property

Fail ...",datajson,,0,0,True,True,False,1.1,73,289,{'dcat:Dataset': 73},{'dcat:Distribution': 289}
https://gis-cityofsfgis.opendata.arcgis.com/data.json,City of Sioux Falls Data.json,"Validation error (truncated): Error validating JsonSchema: 'bureauCode' is a required property

Fail ...",datajson,,0,0,True,True,False,1.1,153,606,{'dcat:Dataset': 153},{'dcat:Distribution': 606}
http://public.chesva.opendata.arcgis.com/data.json,City of Chesapeake Data.json,"Validation error (truncated): Error validating JsonSchema: 'bureauCode' is a required property

Fail ...",datajson,,0,0,True,True,False,1.1,32,179,{'dcat:Dataset': 32},{'dcat:Distribution': 179}
https://data.bloomington.in.gov/data.json ,Bloomington Indiana Data.json,Download error (truncated): https://data.bloomington.in.gov/data.json  HTTP error: 404 ...,datajson,,0,0,False,,,,,,,
https://data.srcity.org/data.json,Santa Rosa CA Data.json,Download error (truncated): https://data.srcity.org/data.json HTTP error: 404 ...,datajson,,0,0,False,,,,,,,
https://data.sfgov.org/data.json?version=2,SFO JSON,"Validation error (truncated): Error validating JsonSchema: 'bureauCode' is a required property

Fail ...",datajson,,0,0,True,True,False,1.1,571,2377,{'dcat:Dataset': 571},{'dcat:Distribution': 2377}
https://nycopendata.socrata.com/data.json?version=2,NYC JSON,"Validation error (truncated): Error validating JsonSchema: 'bureauCode' is a required property

Fail ...",datajson,,0,0,True,True,False,1.1,2550,9695,{'dcat:Dataset': 2550},{'dcat:Distribution': 9695}
https://data.kingcounty.gov/data.json?version=2,kingcounty json,"Validation error (truncated): Error validating JsonSchema: 'bureauCode' is a required property

Fail ...",datajson,,0,0,True,True,False,1.1,259,1063,{'dcat:Dataset': 259},{'dcat:Distribution': 1063}
https://data.somervillema.gov/data.json?version=2,somervillema json,"Validation error (truncated): Error validating JsonSchema: 'bureauCode' is a required property

Fail ...",datajson,,0,0,True,True,False,1.1,47,134,{'dcat:Dataset': 47},{'dcat:Distribution': 134}
https://data.lacity.org/data.json,Los Angeles data.json,"Validation error (truncated): Error validating JsonSchema: 'bureauCode' is a required property

Fail ...",datajson,,0,0,True,True,False,1.1,305,1498,{'dcat:Dataset': 305},{'dcat:Distribution': 1498}
https://datacatalog.cookcountyil.gov/data.json?version=2,cookcountyil json,"Validation error (truncated): Error validating JsonSchema: 'bureauCode' is a required property

Fail ...",datajson,,0,0,True,True,False,1.1,558,2295,{'dcat:Dataset': 558},{'dcat:Distribution': 2295}
http://phlapi.com/data.json,phlapi json,Validation error (truncated): D ...,datajson,,0,0,True,True,False,,0,0,{},{}
https://data.cityofchicago.org/data.json?version=2,Chicago JSON,"Validation error (truncated): Error validating JsonSchema: 'bureauCode' is a required property

Fail ...",datajson,,0,0,True,True,False,1.1,752,2824,{'dcat:Dataset': 752},{'dcat:Distribution': 2824}
https://data.baltimorecity.gov/data.json?version=2,Baltimore JSON,"Validation error (truncated): Error validating JsonSchema: 'bureauCode' is a required property

Fail ...",datajson,,0,0,True,True,False,1.1,453,1521,{'dcat:Dataset': 453},{'dcat:Distribution': 1521}
https://data.seattle.gov/data.json?version=2,Seattle JSON,"Validation error (truncated): Error validating JsonSchema: 'bureauCode' is a required property

Fail ...",datajson,,0,0,True,True,False,1.1,603,2641,{'dcat:Dataset': 603},{'dcat:Distribution': 2641}
https://data.honolulu.gov/data.json?version=2,honolulu json,"Validation error (truncated): Error validating JsonSchema: 'bureauCode' is a required property

Fail ...",datajson,,0,0,True,True,False,1.1,210,342,{'dcat:Dataset': 210},{'dcat:Distribution': 342}
https://data.tempe.gov/data.json,City of Tempe Data.json Harvest Source,"Validation error (truncated): Error validating JsonSchema: 'bureauCode' is a required property

Fail ...",datajson,,0,0,True,True,False,1.1,104,321,{'dcat:Dataset': 104},{'dcat:Distribution': 321}
http://data.providenceri.gov/data.json,City of Providence Data.json Harvest Source,"Validation error (truncated): Error validating JsonSchema: 'bureauCode' is a required property

Fail ...",datajson,,0,0,True,True,False,1.1,217,574,{'dcat:Dataset': 217},{'dcat:Distribution': 574}
https://opendurham.nc.gov/data.json,"City and County of Durham, North Carolina Data.json Harvest Source",Download error (truncated): https://opendurham.nc.gov/data.json HTTP error: 404 ...,datajson,,0,0,False,,,,,,,
https://geohub-loudoungis.opendata.arcgis.com/data.json,Loudoun County Virginia Data Source,"Validation error (truncated): Error validating JsonSchema: 'bureauCode' is a required property

Fail ...",datajson,,0,0,True,True,False,1.1,121,480,{'dcat:Dataset': 121},{'dcat:Distribution': 480}
http://data-lakecountyil.opendata.arcgis.com/data.json,"Open data from Lake County, Illinois","Validation error (truncated): Error validating JsonSchema: 'bureauCode' is a required property

Fail ...",datajson,,0,0,True,True,False,1.1,1465,3166,{'dcat:Dataset': 1465},{'dcat:Distribution': 3166}
https://data.montgomerycountymd.gov/data.json?version=2,montgomerycountymd json,"Validation error (truncated): Error validating JsonSchema: 'bureauCode' is a required property

Fail ...",datajson,,0,0,True,True,False,1.1,289,1185,{'dcat:Dataset': 289},{'dcat:Distribution': 1185}
https://data.muni.org/data.json,Municipality of Anchorage,"Validation error (truncated): Error validating JsonSchema: 'bureauCode' is a required property

Fail ...",datajson,,0,0,True,True,False,1.1,32,144,{'dcat:Dataset': 32},{'dcat:Distribution': 144}
http://data.louisvilleky.gov/data.json,Louisville Open Data,"Validation error (truncated): Error validating JsonSchema: 'bureauCode' is a required property

Fail ...",datajson,,0,0,True,True,False,1.1,222,358,{'dcat:Dataset': 222},{'dcat:Distribution': 358}
http://rossi.urs-tally.com/Content/data.json,Florida Regional Offshore Sand Source Inventory (ROSSI),Validation error (truncated): M ...,datajson,,0,0,True,True,False,,0,0,{},{}
https://data.mo.gov/data.json?version=2,MO JSON,"Validation error (truncated): Error validating JsonSchema: 'bureauCode' is a required property

Fail ...",datajson,,0,0,True,True,False,1.1,223,829,{'dcat:Dataset': 223},{'dcat:Distribution': 829}
http://www.sba.gov/data.json,SBA JSON,,datajson,,47,671,True,True,True,1.1,786,799,{'dcat:Dataset': 786},{'dcat:Distribution': 799}
https://healthdata.gov/data.json,Healthdata.gov,"Validation error (truncated): Error validating JsonSchema: 'bureauCode' is a required property

Fail ...",datajson,,0,0,True,True,False,1.1,1769,3950,{'dcat:Dataset': 1769},{'dcat:Distribution': 3950}
https://www.fdic.gov/data.json,FDIC data.json,Validation error (truncated): M ...,datajson,,0,0,True,True,False,,0,0,{},{}
http://www.usda.gov/data.json,USDA JSON,,datajson,,48,22,True,True,True,1.1,1680,3745,{'unknown': 1680},{'dcat:Distribution': 3745}
http://opendata.fcc.gov/data.json,FCC Data.json,"Validation error (truncated): Error validating JsonSchema: 'keyword' is a required property

Failed  ...",datajson,,0,0,True,True,False,1.1,34,129,{'dcat:Dataset': 34},{'dcat:Distribution': 129}
https://pasteur.epa.gov/metadata.json,EPA ScienceHub,Validation error (truncated): M ...,datajson,,0,0,True,True,False,,0,0,{},{}
https://data.mcc.gov/data.json,MCC Data.json,,datajson,,0,0,True,True,True,1.1,184,1073,{'dcat:Dataset': 184},{'dcat:Distribution': 1073}
https://app.ntsb.gov/data.json,NTSB json,,datajson,,0,0,True,True,True,1.1,24,24,{'dcat:Dataset': 24},{'dcat:Distribution': 24}
https://data.usaid.gov/data.json,USAID JSON,"Validation error (truncated): Error validating JsonSchema: 'keyword' is a required property

Failed  ...",datajson,,208,454,True,True,False,1.1,749,1802,{'dcat:Dataset': 749},{'dcat:Distribution': 1802}
http://www.energy.gov/data.json,Energy JSON,Validation error (truncated): Error validating JsonSchema: '[[REDACTED-EX B6]]' is not of type 'arra ...,datajson,,228,255,True,True,False,1.1,2981,3587,{'dcat:Dataset': 2981},"{'dcat:Distribution': 2590, 'unknown': 997}"
https://www.hud.gov/sites/documents/HUDPUBLICDATASET.JSON,HUD JSON,Download error (truncated): ERROR Donwloading data: https://www.hud.gov/sites/documents/HUDPUBLICD ...,datajson,,0,0,False,,,,,,,
http://www.justice.gov/data.json,DOJ JSON,,datajson,,0,0,True,True,True,1.1,1193,1194,{'dcat:Dataset': 1193},{'dcat:Distribution': 1194}
http://www.ed.gov/data.json,Education JSON,,datajson,,0,0,True,True,True,1.1,443,1459,{'dcat:Dataset': 443},{'dcat:Distribution': 1459}
http://www.commerce.gov/data-nonspatial-harvest.json,Commerce Non Spatial Data.json Harvest Source,,datajson,,0,0,True,True,True,1.1,814,2235,{'dcat:Dataset': 814},"{'dcat:Distribution': 462, 'unknown': 1773}"
https://open.gsa.gov/data.json,GSA JSON,,datajson,,237,137,True,True,True,1.1,241,259,{'dcat:Dataset': 241},{'dcat:Distribution': 259}
http://www.archives.gov/data.json,NARA Data.json,,datajson,,243,50,True,True,True,1.1,99,105,{'dcat:Dataset': 99},{'dcat:Distribution': 105}
http://www.nrc.gov/data.json,NRC Data.json Harvest Source,Parsing error (truncated): ERROR parsing JSON data: 'utf-8' codec can't decode byte 0x96 in posit ...,datajson,,0,0,True,False,,,,,,
http://www.neh.gov/data.json,NEH Data.json,,datajson,,0,0,True,True,True,1.1,37,37,{'dcat:Dataset': 37},{'dcat:Distribution': 37}
http://pbgc.gov/data.json,PBGC Data.json Source,,datajson,,0,0,True,True,True,1.1,10,10,{'dcat:Dataset': 10},{'dcat:Distribution': 10}
https://secure.rrb.gov/data.json,RRB JSON,,datajson,,0,0,True,True,True,1.1,16,16,{'dcat:Dataset': 16},{'dcat:Distribution': 16}
http://www.data.va.gov/data.json,VA JSON,Parsing error (truncated): ERROR parsing JSON data: Expecting value: line 1 column 1 (char 0) ...,datajson,,0,0,True,False,,,,,,
http://www.dol.gov/data.json,DOL JSON,,datajson,,0,0,True,True,True,1.1,396,584,{'dcat:Dataset': 396},{'dcat:Distribution': 584}
http://www.treasury.gov/data.json,Treasury JSON,,datajson,,0,0,True,True,True,1.1,278,322,{'dcat:Dataset': 278},{'dcat:Distribution': 322}
http://www.nitrd.gov/data.json,NIRTD JSON,,datajson,,0,0,True,True,True,1.1,90,93,{'dcat:Dataset': 90},{'dcat:Distribution': 93}
http://www.state.gov/data.json,State JSON,,datajson,,0,0,True,True,True,1.1,371,740,{'dcat:Dataset': 371},{'dcat:Distribution': 740}
http://www.ssa.gov/data.json,SSA JSON,unknown Distribution: None,datajson,,271,1956,True,True,False,1.1,1956,1773,{'unknown': 1956},{'unknown': 1773}
http://www.nsf.gov/data.json,NSF JSON,,datajson,,276,76,True,True,True,1.1,173,184,{'dcat:Dataset': 173},{'dcat:Distribution': 184}
https://flcbusiness.federallabs.org/data.json,Federal Laboratory Consortium Data.json,Parsing error (truncated): ERROR parsing JSON data: Expecting value: line 1 column 1 (char 0) ...,datajson,,0,0,True,False,,,,,,
http://www.loc.gov/data.json,Library of Congress Data.json,,datajson,,0,0,True,True,True,1.1,9,100,{'dcat:Dataset': 9},{'dcat:Distribution': 100}
http://eeoc.gov/data.json,EEOC Data.json Harvest Source,,datajson,,0,0,True,True,True,1.1,124,130,"{'dcat:Dataset': 123, 'unknown': 1}",{'dcat:Distribution': 130}
http://www.ftc.gov/data.json,data.json,,datajson,,0,0,True,True,True,1.1,89,104,{'unknown': 89},{'unknown': 104}
https://data.transportation.gov/data.json,DOT Socrata Data.json,"Validation error (truncated): Error validating JsonSchema: 'bureauCode' is a required property

Fail ...",datajson,,473,3387,True,True,False,1.1,4141,4445,{'dcat:Dataset': 4141},{'dcat:Distribution': 4445}
http://www.dhs.gov/data.json,DHS datajson source,Validation error (truncated): M ...,datajson,,0,0,True,True,False,,0,0,{},{}
https://www.imls.gov/data.json,IMLS JSON,,datajson,,0,0,True,True,True,1.1,78,306,{'dcat:Dataset': 78},{'dcat:Distribution': 306}
https://data.cdc.gov/data.json,https://data.cdc.gov/data.json,"Validation error (truncated): Error validating JsonSchema: 'keyword' is a required property

Failed  ...",datajson,,0,0,True,True,False,1.1,475,1711,{'dcat:Dataset': 475},{'dcat:Distribution': 1711}
